File,Element,Before,After,Chars
HomePage.tsx,Hero Badge,"Interactive Technology & Career Platform","Engineering Education for Ethiopia",34
HomePage.tsx,Hero Headline,"Building Ethiopia's Tech Future with Live Mentorship","Code Production Software with Senior Diaspora Mentors",54
HomePage.tsx,Hero Subhead,"Connecting university students and aspiring software engineers with senior diaspora mentors, structured production curriculums, and collaborative 4-peer agile squads.","Structured learning tracks, live code reviews from diaspora engineers, and solar-powered hubs across six Ethiopian cities.",124
HomePage.tsx,Hero Primary CTA,"Start Coding Free","Start Free",10
HomePage.tsx,Hero Secondary CTA,"Explore Curriculum","View Tracks",11
HomePage.tsx,Hero Trust 1,"100% Free & Open Access","Tuition-Free Access",19
HomePage.tsx,Hero Trust 2,"Low-Bandwidth WebRTC Mesh","Low-Bandwidth Classrooms",24
HomePage.tsx,Hero Trust 3,"Verified Deliverable Credentials","Verified GitHub Portfolios",26
HomePage.tsx,Metrics Label 1,"Active Young Learners","Active Learners",15
HomePage.tsx,Metrics Sub 1,"Grade 8 to University Grads","Secondary to University",23
HomePage.tsx,Metrics Sub 2,"1-on-1 & Live Cohort Sessions","Live Pair Sessions",18
HomePage.tsx,Metrics Label 3,"Regional Innovation Hubs","Regional Tech Hubs",18
HomePage.tsx,Metrics Sub 3,"Addis, Bahir Dar, Hawassa & more","Six Physical Centers",20
HomePage.tsx,Metrics Sub 4,"Audited Production Projects","Audited Code Reviews",20
HomePage.tsx,Arch Strip Title,"Proven Platform Architecture","Core Learning Stack",19
HomePage.tsx,Showcase Badge,"Interactive Learning Stack","Platform Features",17
HomePage.tsx,Showcase Heading,"Everything You Need to Master Production Software","Everything Needed to Ship Production Code",41
HomePage.tsx,Showcase Subtitle,"Purpose-built for Ethiopian engineers. Zero friction, instant cloud sandboxes, adaptive live classrooms, and peer sprint squads that turn curious students into high-earning developers.","Built for Ethiopian engineers: live diaspora classrooms, in-browser Linux workspaces, peer squads, and employer-verified certificates.",135
HomePage.tsx,Showcase Tab 2,"Cloud Coding Sandbox","In-Browser Workspace",20
HomePage.tsx,Showcase Tab 3,"Squads Collaboration","Peer Squads",11
HomePage.tsx,Showcase Tab 4,"Verified Certifications","Certificates",12
HomePage.tsx,Showcase CTA 1,"Experience It Now","Start Learning",14
HomePage.tsx,Showcase CTA 2,"See Full Workflow","View Workflow",13
HomePage.tsx,Curriculum Badge,"Job-Ready Curricula","Structured Tracks",17
HomePage.tsx,Curriculum Heading,"Engineered for High-Demand Tech Careers","Curriculums Built for Production Engineering",44
HomePage.tsx,Curriculum CTA,"View All Tracks","View Tracks",11
HomePage.tsx,Mentors Badge,"World-Class Mentors","Diaspora Mentors",16
HomePage.tsx,Mentors Heading,"Learn From Global & Local Leaders","Learn Directly From Diaspora Engineers",39
HomePage.tsx,Mentors CTA 1,"View All Mentors","View Mentors",12
HomePage.tsx,Mentors CTA 2,"Become a Mentor","Apply to Mentor",15
HomePage.tsx,Hubs Badge,"Nationwide Physical Reach","Regional Tech Hubs",18
HomePage.tsx,Hubs Heading,"6 Regional Hubs Powering Equal Access","Six Regional Hubs Powering Nationwide Access",44
HomePage.tsx,Hubs Subhead,"Geographic location should never limit talent. EthioTech operates physical access centers across major Ethiopian cities, equipped with enterprise gigabit fiber, power backup, high-end workstations, and on-site community leads.","Physical learning centers in six Ethiopian cities with high-speed internet, power backup, Linux workstations, and on-site community leads.",134
HomePage.tsx,Hubs CTA,"Explore All Regional Hubs","View Hubs",9
HomePage.tsx,Hubs Card Title,"In-Person Hackathons & Lab Sprints","Regional Hackathons & Sprints",29
HomePage.tsx,Partners Label,"Trusted By & Partnering with Leading Institutions","Ecosystem Partners",18
HomePage.tsx,Bottom CTA Heading,"Ready to Build the Future of Ethiopian Tech?","Build Ethiopia's Next Engineering Generation",44
HomePage.tsx,Bottom CTA 1,"Start Coding Free","Start Free",10
HomePage.tsx,Bottom CTA 2,"Join as Mentor","Apply to Mentor",15
Navbar.tsx,Desktop CTA,"Join EthioTech","Start Free",10
Navbar.tsx,Mobile CTA Logged In,"Go to Dashboard","Open Dashboard",14
Navbar.tsx,Mobile CTA Logged Out,"Join EthioTech","Start Free",10
Logo.tsx,Subtitle Fallback,"East Africa · PISTELS","East Africa",11
Footer.tsx,Brand Description,"EthioTech is a high-performance interactive learning platform for African students, featuring live interactive classrooms, peer squads, expert mentorship, and project-based tracks.","Tuition-free software engineering education for Ethiopia: live diaspora mentorship, in-browser Linux environments, peer squads, and regional tech hubs.",143
Footer.tsx,Platform Link 1,"Curriculum Tracks","Tracks",6
Footer.tsx,Platform Link 3,"Engineering Mentors","Mentors",7
Footer.tsx,Platform Link 4,"Regional Tech Hubs","Tech Hubs",9
Footer.tsx,Platform Link 5,"XP Leaderboard","Leaderboard",11
Footer.tsx,Platform Link 6,"Become a Mentor","Apply to Mentor",15
Footer.tsx,Ecosystem Link 1,"Industry & University Partners","Partners",8
Footer.tsx,Ecosystem Link 2,"Scholarships & Giving","Giving",6
Footer.tsx,Ecosystem Link 3,"Platform FAQ","FAQ",3
Footer.tsx,Ecosystem Link 4,"Contact & Support","Contact",7
Footer.tsx,Company Link 1,"About EthioTech","About",5
Footer.tsx,Company Link 2,"Privacy Policy","Privacy",7
Footer.tsx,Company Link 3,"Terms of Service","Terms",5
Footer.tsx,Status Text,"Platform Systems Operational","All Systems Operational",24
Footer.tsx,Tagline,"Engineered with <Heart> for East African youth","Engineered for Ethiopian developers",34
TracksPage.tsx,Hero Heading,"Production-Ready Software Engineering Tracks","Master Production Software Engineering",38
TracksPage.tsx,Card CTA 1,"Overview","View Track",10
TracksPage.tsx,Card CTA 2,"Enroll in Track","Enroll Now",10
TracksPage.tsx,Empty State Title,"No tracks matched your criteria","No tracks found",15
TracksPage.tsx,Bottom CTA,"Ready to Begin Your Technical Journey?","Start Your Engineering Pathway",30
TracksPage.tsx,Bottom CTA Button,"Enroll in a Track (Free)","Enroll Free",11
MarketingTrackDetailPage.tsx,Back Link,"← Back to All Learning Tracks","All Tracks",10
MarketingTrackDetailPage.tsx,Sidebar CTA,"Enroll in Track","Enroll Now",10
MarketingTrackDetailPage.tsx,Bottom Heading,"Ready to Master This Tech Stack?","Ready to Start Building?",25
HowItWorksPage.tsx,Hero Subhead,"From initial baseline calibration to low-latency diaspora pairing, sandbox development, squad code defense, and verified career placement. Explore the full architecture of how EthioTech works.","From baseline calibration to diaspora pairing, sandbox development, squad code defense, and verified career placement.",116
HowItWorksPage.tsx,Hero CTA 1,"Start Your Journey","Start Free",10
HowItWorksPage.tsx,Hero CTA 2,"Explore the 5 Stages","Explore Stages",14
HowItWorksPage.tsx,Persona Student Desc,"...direct guidance from world-class diaspora engineers.","...direct guidance from senior diaspora engineers.",51
HowItWorksPage.tsx,Persona Student CTA,"Apply as a Student","Enroll Free",11
HowItWorksPage.tsx,Persona Mentor Title,"Empower Future Tech Leaders","Guide Emerging Engineers",24
HowItWorksPage.tsx,Track Card CTA,"Enroll in Track","Enroll Now",10
HowItWorksPage.tsx,Closing CTA Button 1,"Join a Learning Track","Enroll Now",10
HowItWorksPage.tsx,Closing CTA Button 2,"See Learner Growth","View Leaderboard",16
HowItWorksPage.tsx,Closing CTA Button 3,"Explore Mentorship","Become a Mentor",15
MentorsPage.tsx,Pillar 1,"1. Line-by-Line Code Reviews","Line-by-Line Code Reviews",26
MentorsPage.tsx,Hero CTA 1,"Apply to Become a Mentor","Apply to Mentor",15
MentorsPage.tsx,Hero CTA 2,"Browse Mentor Directory","Browse Directory",16
MentorsPage.tsx,Empty State Title,"No mentors registered yet","No mentors registered yet",25
MentorsPage.tsx,Bottom Heading,"Are You a Senior Engineer or Tech Leader?","Are You a Senior Engineer?",26
MentorsPage.tsx,Bottom CTA 1,"Apply to Become a Mentor","Apply to Mentor",15
MentorsPage.tsx,Bottom CTA 2,"Explore Mentorship Journey","View Workflow",13
MentorRecruitmentPage.tsx,Hero Headline,"Give Back. Shape Ethiopia's Next Generation of Tech Leaders","Guide Ethiopia's Emerging Software Architects",46
MentorRecruitmentPage.tsx,Hero Subhead,"Join a guild of senior software engineers, architects, and product leaders. Share practical industry wisdom, bridge the digital divide, and discover top technical talent.","Join senior engineers and architects guiding ambitious Ethiopian developers through structured code reviews, system design, and career placement.",139
MentorRecruitmentPage.tsx,Hero CTA 1,"Complete Mentor Application (5 Min)","Apply to Mentor",15
MentorRecruitmentPage.tsx,Hero CTA 2,"View Onboarding Process","View Onboarding",15
MentorRecruitmentPage.tsx,Form Submit Button,"Submit Application to Mentor Guild","Submit Application",18
MentorRecruitmentPage.tsx,Bottom CTA Button,"Apply to Join the Guild","Apply to Mentor",15
HubsPage.tsx,Hero Subhead,"Book dedicated high-spec developer workstations, consult in-person with on-duty mentors, access local offline caching servers, and check in physically to earn XP across 6 national innovation corridors.","Reserve developer workstations, consult on-duty mentors, access offline LAN caches, and earn XP across six national innovation corridors.",136
HubsPage.tsx,Hero CTA 1,"Explore 6 Regional Hubs","Explore Hubs",12
HubsPage.tsx,Hero CTA 2,"My Active Passes (0)","View Passes (0)",15
HubsPage.tsx,Check In Button,"Check In (+50 XP)","Check In",8
HubsPage.tsx,Bottom CTA Button,"Partner as a Hub Host","Partner With Us",15
AboutPage.tsx,Section 4,"The PISTELS Framework (Core Pedagogical Backbone)","[Deleted - Folded into plain text]",33
AboutPage.tsx,Hero Headline,"Democratizing elite tech education with the PISTELS framework","Engineering Education Built for Ethiopian Developers",52
AboutPage.tsx,Hero Subhead,"EthioTech is a non-profit educational platform bridging the chasm between academic theory and software engineering. Powered by the global Ethiopian diaspora, low-latency live sandboxes, and squad-based accountability, we empower Ethiopia's next generation of software architects.","Tuition-free learning combining diaspora mentorship, in-browser Linux environments, peer code reviews, and physical regional hubs across Ethiopia.",143
AboutPage.tsx,Hero CTA 1,"Join as Student","Start Free",10
AboutPage.tsx,Hero CTA 3,"Explore the PISTELS Pillars","View Architecture",17
AboutPage.tsx,Mission Title,"Our Mission","Engineering Mission",19
AboutPage.tsx,Vision Title,"Our Vision","Long-Term Vision",16
AboutPage.tsx,Closing CTA Paragraph,"Whether you are a university student eager to build production systems or a seasoned diaspora engineer ready to guide the next generation, EthioTech is your platform.","Whether you are a university student building production systems or a diaspora engineer guiding emerging talent, EthioTech provides the platform.",146
AboutPage.tsx,Closing CTA Button 1,"Join as Student","Enroll Free",11
AboutPage.tsx,Closing CTA Button 3,"Explore Learning Flow","View Workflow",13
LeaderboardPage.tsx,Hero Headline,"Engineering Contributor Index","National Engineering Contributor Index",38
LeaderboardPage.tsx,Empty State Action,"Join the platform","Enroll Free",11
LeaderboardPage.tsx,Table Header Link,"Participate in cohorts","Join Cohort",11
LeaderboardPage.tsx,Load More Button,"Load more","Load More",9
PartnersPage.tsx,Hero Headline,"Empowering Ethiopia's Digital Economy Through Strategic Alliances","Building Ethiopia's Digital Economy Through Strategic Alliances",62
PartnersPage.tsx,Hero Subhead,"We partner with technology employers, universities, development agencies, and public sector bodies to build a sovereign, world-class technical workforce across Ethiopia.","We partner with tech employers, universities, and public institutions to train production software engineers across Ethiopia.",122
PartnersPage.tsx,Form Submit Button,"Submit Institutional Partnership Inquiry","Submit Inquiry",14
PartnersPage.tsx,Bottom CTA Button,"Explore Learning Engine","View Workflow",13
DonationPage.tsx,Hero Headline,"Empower Ethiopian Talent Through Sovereign Education","Fund Ethiopian Developers Through Sovereign Education",52
DonationPage.tsx,Hero Subhead,"Every dollar or birr directly funds student scholarship passes, solar-powered regional tech hubs, and hardware distribution to gifted learners across Ethiopia with 100% transparent milestone verification.","Directly fund student scholarships, regional solar hubs, and hardware distribution across Ethiopia with transparent milestone verification.",138
DonationPage.tsx,Honor Roll Subhead,"We honor every patron who invests in the next generation of Ethiopian builders.","We honor every patron who invests in emerging Ethiopian software engineers.",69
DonationPage.tsx,Bottom CTA 1,"Sponsor a Student Today","Sponsor Student",15
DonationPage.tsx,Bottom CTA 2,"Explore Partner Frameworks","View Frameworks",15
InfoPages.tsx,FaqPage Primary CTA,"Join the platform","Enroll Free",11
InfoPages.tsx,ContactPage Submit,"Send message","Send Message",12
index.html,Meta Title,"EthioTech — Code the Future of East Africa","EthioTech — Engineering Education for Ethiopia",45
index.html,Meta Description,"EthioTech is Ethiopia's premier technology and education platform — live interactive classrooms, diaspora mentorship, peer squads, project-based learning tracks, and regional tech hubs for the next generation of African engineers.","EthioTech delivers project-based engineering education for Ethiopia with live mentorship, peer squads, and regional tech hubs.",126
tracksCatalog.ts,Track Tagline,"Design world-class product interfaces in Figma...","Design production interfaces in Figma and build scalable, token-driven accessible design systems in React.",108
AdminModerationPage.tsx,Rubric Philosophy,"...passion for empowering Ethiopian youth.","...dedication to mentoring Ethiopian developers.",86
AboutPage.tsx,Diaspora Bridge Subtitle,"World-class mentorship delivered locally","Engineering mentorship delivered locally",40
DonationPage.tsx,Equipment Description,"Empower Ethiopian students by donating...","Equip Ethiopian developers by donating refurbished laptops, monitors, Raspberry Pis, and server gear. We provide full asset tracking and certified data sanitization.",166
HubsPage.tsx,Check-in Confirmation,"Welcome to [HubCity] Tech Hub...","Checked in at [HubCity] Tech Hub. Connect to the local Wi-Fi network EthioTech-Hub-LAN for offline cache acceleration.",118
hubsService.ts,Check-in Message,"Welcome to [hubCity] Tech Hub! Check-in verified successfully.","Check-in verified for [hubCity] Tech Hub.",41
StudentDashboardPage.tsx,Header Greeting,"Welcome back, {firstName}","Hello, {firstName}",17
StudentDashboardPage.tsx,Header Subtitle,"Let's build something great today. Pick up where you left off.","Pick up where you left off and complete your daily coding milestone.",68
StudentDashboardPage.tsx,Card Title,"Assigned Projects & Portfolio Tasks","Assigned Projects & Portfolios",30
StudentDashboardPage.tsx,Hub Check-in CTA,"Check In (+50 XP)","Check In",8
StudentDashboardPage.tsx,Workstation CTA,"Book / Switch Desk","Switch Workstation",18
StudentDashboardPage.tsx,Challenge Reward CTA,"Claim +25 XP Reward","Claim Reward",12
StudentDashboardPage.tsx,Squad Card Link,"Open Squad Hub →","Open Squad",10
StudentDashboardPage.tsx,Squad Join Button,"Join or Create Squad","Join Squad",10
ProgressPage.tsx,Global Standings Link,"View Global Standings →","View Standings",14
ProgressPage.tsx,Track Link,"Open Track Dashboard →","Open Track",10
ProgressPage.tsx,Certificate Download CTA,"Download Certificate PDF","Download PDF",12
ProgressPage.tsx,Empty State Action,"View Assigned Tasks","View Tasks",10
NotificationsPage.tsx,Empty State Action,"Open dashboard","Open Dashboard",14
NotificationsPage.tsx,Mark All Read Button,"Mark all read","Mark All Read",13
NotificationsPage.tsx,Open Item Link,"Open item →","Open Item",9
NotificationsPage.tsx,Mark Read Button,"Mark read","Mark Read",9
CertificatesPage.tsx,Empty State Action,"View tracks","View Tracks",11
CertificatesPage.tsx,Download Link,"Download Certificate →","Download Certificate",20
AssignedProjectsPage.tsx,Submission Action,"View submission","View Submission",15
AssignedProjectsPage.tsx,Feedback Action,"Read feedback","Read Feedback",13
AssignedProjectsPage.tsx,Submit Action,"Submit work","Submit Work",11
AssignedProjectsPage.tsx,Track Link,"Track","Open Track",10
AssignedProjectsPage.tsx,Empty State Action,"Browse tracks","Browse Tracks",13
ProjectSubmitPage.tsx,Empty State Description,"Join a track first so the project workspace can unlock the next build step.","Enroll in a track to unlock project assignments and mentor reviews.",67
ProjectSubmitPage.tsx,Empty State Action,"Browse tracks","Browse Tracks",13
ProjectSubmitPage.tsx,Submit Button,"Submit project","Submit Project",14
ProjectSubmitPage.tsx,Checklist Title,"Submission checklist","Submission Checklist",20
SessionFeedbackPage.tsx,Confirmation Title,"Thank you for your feedback!","Feedback Received",17
SessionFeedbackPage.tsx,Sessions Link,"Back to Sessions","View Sessions",13
SessionFeedbackPage.tsx,Dashboard Link,"Dashboard","Open Dashboard",14
SessionFeedbackPage.tsx,Back Link,"Back to sessions","All Sessions",12
SquadsListPage.tsx,Empty State Action,"Browse tracks","Browse Tracks",13
SquadsListPage.tsx,Open Squad Link,"Open Squad Room →","Open Squad",10
SquadPage.tsx,Empty State Action,"View squads","View Squads",11
SquadPage.tsx,View All Link,"View all","View All",8
SquadPage.tsx,Projects Link,"Open Projects Hub","Open Projects",13
SquadPage.tsx,Tracks Link,"Browse Learning Tracks","Browse Tracks",13
SessionHistoryPage.tsx,Leave Feedback Button,"Feedback","Leave Feedback",14
SessionHistoryPage.tsx,Waitlist Button,"Join waitlist","Join Waitlist",13
SessionHistoryPage.tsx,Enter Room Button,"Open","Enter Room",10
CodingWorkspacePage.tsx,Curriculum Link,"View Full Track Curriculum","View Curriculum",15
TrackDetailPage.tsx,All Tracks Link,"Back to all tracks","All Tracks",10
TrackDetailPage.tsx,Resume Track CTA,"Start / Resume Track","Resume Track",12
TrackDetailPage.tsx,Coding Lab CTA,"Coding Lab","Open Lab",8
LessonPage.tsx,Breadcrumb Track Link,"Back to {trackTitle}","{trackTitle}",14
LessonPage.tsx,Consult Mentor CTA,"Ask a Mentor","Consult Mentor",14
LessonPage.tsx,Complete CTA,"Mark Complete (+50 XP)","Mark Complete",13
LessonPage.tsx,Track Return Link,"Back to Track","View Track",10
ProfilePage.tsx,Track Navigation Link,"View track / Browse tracks","View Track / Browse Tracks",27
ProfilePage.tsx,Achievements Link,"View all","View All",8
ProfilePage.tsx,Settings Navigation,"Edit Account & Password Settings","Edit Settings",13
ProfilePage.tsx,Role Dashboard Navigation,"Return to Role Dashboard","Open Dashboard",14
ProfilePage.tsx,Certificates Card Link,"View earned certificates →","View Certificates",17
ProfilePage.tsx,Settings Card Link,"Manage account & privacy →","Manage Settings",15
SettingsPage.tsx,Avatar Clear Button,"Clear selection","Clear Image",11
SettingsPage.tsx,Avatar Reset Button,"Revert to system","Reset Avatar",12
MentorDashboardPage.tsx,Control Center CTA,"Control Center","Open Control Center",19
MentorDashboardPage.tsx,Review Queue CTA,"Review Queue (0)","Review Queue",12
MentorDashboardPage.tsx,Queue View All Link,"View All →","View All",8
MentorSessionsPage.tsx,Workspace Link,"Open workspace →","Open Workspace",14
AdminPage.tsx,Sync Data Button,"Sync","Sync Data",9
AdminPage.tsx,Operations Link,"Operations","View Operations",15
AdminPage.tsx,Applications Link,"Applications","Review Applications",19
AdminPage.tsx,Users Link,"Users","Manage Users",12
LoginPage.tsx,Submit Button,"Sign in to Platform","Sign In",7
LoginPage.tsx,Register Link,"Create free account","Create Account",14
RegisterPage.tsx,Submit Button,"Create Student Account","Create Account",14
RegisterPage.tsx,Mentor Apply Link,"Apply as Mentor →","Apply as Mentor",15
RegisterPage.tsx,Sign In Link,"Sign in","Sign In",7
ForgotPasswordPage.tsx,Back Link,"Back to sign in","Sign In",7
ForgotPasswordPage.tsx,Dev Token Link,"Continue with token →","Continue with Token",19
ResetPasswordPage.tsx,Reset Request CTA,"Request new reset link","Request Reset Link",18
ResetPasswordPage.tsx,Back Link,"Back to sign in","Sign In",7
ActivateAccountPage.tsx,Sign In Button,"Go to sign in","Sign In",7
ActivateAccountPage.tsx,Back Link,"Back to sign in","Sign In",7
NotFoundPage.tsx,Back Button,"Return to previous page","Go Back",7
NotFoundPage.tsx,Home Button,"Go home","Go Home",7
